[{
  "_id": {
    "$oid": "67d1aed8111b8488e6528d63"
  },
  "orderId": {
    "$oid": "67d18e2cfb15b52b9edc38b5"
  },
  "partnerId": {
    "$oid": "67d169d8fb15b52b9edc389c"
  },
  "status": "assigned",
  "assignedAt": {
    "$date": "2025-03-12T15:57:12.477Z"
  },
  "__v": 0
},
{
  "_id": {
    "$oid": "67d1b100111b8488e6528e36"
  },
  "orderId": {
    "$oid": "67d18e2cfb15b52b9edc38b6"
  },
  "partnerId": {
    "$oid": "67d169d8fb15b52b9edc389d"
  },
  "status": "assigned",
  "assignedAt": {
    "$date": "2025-03-12T16:06:24.228Z"
  },
  "__v": 0
},
{
  "_id": {
    "$oid": "67d1b21e111b8488e6528e9d"
  },
  "orderId": {
    "$oid": "67d18e2cfb15b52b9edc38b4"
  },
  "partnerId": {
    "$oid": "67d169d8fb15b52b9edc389b"
  },
  "status": "assigned",
  "assignedAt": {
    "$date": "2025-03-12T16:11:10.894Z"
  },
  "__v": 0
},
{
  "_id": {
    "$oid": "67d1b410111b8488e6528ef1"
  },
  "orderId": {
    "$oid": "67d18e2cfb15b52b9edc38b3"
  },
  "partnerId": {
    "$oid": "67d169d8fb15b52b9edc389e"
  },
  "status": "assigned",
  "assignedAt": {
    "$date": "2025-03-12T16:19:28.757Z"
  },
  "__v": 0
},
{
  "_id": {
    "$oid": "67d1b4e5111b8488e6528f42"
  },
  "orderId": {
    "$oid": "67d1b4dafb15b52b9edc38c6"
  },
  "partnerId": {
    "$oid": "67d169d8fb15b52b9edc389b"
  },
  "status": "assigned",
  "assignedAt": {
    "$date": "2025-03-12T16:23:01.928Z"
  },
  "__v": 0
},
{
  "_id": {
    "$oid": "67d1b62b111b8488e6528f96"
  },
  "orderId": {
    "$oid": "67d1b4dafb15b52b9edc38c7"
  },
  "partnerId": {
    "$oid": "67d169d8fb15b52b9edc389e"
  },
  "status": "assigned",
  "assignedAt": {
    "$date": "2025-03-12T16:28:27.529Z"
  },
  "__v": 0
},
{
  "_id": {
    "$oid": "67d1b6d3111b8488e6528fc9"
  },
  "orderId": {
    "$oid": "67d1b4dafb15b52b9edc38c8"
  },
  "partnerId": {
    "$oid": "67d169d8fb15b52b9edc389b"
  },
  "status": "assigned",
  "assignedAt": {
    "$date": "2025-03-12T16:31:15.211Z"
  },
  "__v": 0
},
{
  "_id": {
    "$oid": "67d1b7a3111b8488e6529007"
  },
  "orderId": {
    "$oid": "67d1b4dafb15b52b9edc38c9"
  },
  "partnerId": {
    "$oid": "67d169d8fb15b52b9edc389c"
  },
  "status": "assigned",
  "assignedAt": {
    "$date": "2025-03-12T16:34:43.744Z"
  },
  "__v": 0
},
{
  "_id": {
    "$oid": "67d1b7b9111b8488e652902f"
  },
  "orderId": {
    "$oid": "67d1b4dafb15b52b9edc38ca"
  },
  "partnerId": {
    "$oid": "67d169d8fb15b52b9edc389e"
  },
  "status": "assigned",
  "assignedAt": {
    "$date": "2025-03-12T16:35:05.830Z"
  },
  "__v": 0
}]