[{
  "_id": {
    "$oid": "67d1b4dafb15b52b9edc38c6"
  },
  "orderNumber": "ORD2916",
  "customer": {
    "name": "Amit Kumar",
    "phone": "09123456789",
    "address": "Sector 15, Noida, Uttar Pradesh",
    "area": "Noida"
  },
  "items": [
    {
      "name": "Laptop Bag",
      "quantity": 2,
      "price": 1200,
      "_id": "67d15631d39fbe2a6469af26",
      "status": "pending"
    }
  ],
  "scheduledFor": "2025-03-13T10:00:00.000Z",
  "totalAmount": 2400,
  "createdAt": "2025-03-12T09:40:00.417+00:00",
  "updatedAt": {
    "$date": "2025-03-12T16:23:01.945Z"
  },
  "__v": 0,
  "assignedTo": {
    "$oid": "67d169d8fb15b52b9edc389b"
  },
  "status": "assigned"
},
{
  "_id": {
    "$oid": "67d1b4dafb15b52b9edc38c7"
  },
  "orderNumber": "ORD2917",
  "customer": {
    "name": "Neha Sharma",
    "phone": "08976543210",
    "address": "Laxmi Nagar, Delhi",
    "area": "Delhi"
  },
  "items": [
    {
      "name": "Smartphone Cover",
      "quantity": 1,
      "price": 500,
      "_id": "67d15631d39fbe2a6469af27",
      "status": "assigned"
    }
  ],
  "scheduledFor": "2025-03-14T14:00:00.000Z",
  "totalAmount": 500,
  "createdAt": "2025-03-12T09:42:00.417+00:00",
  "updatedAt": {
    "$date": "2025-03-12T16:28:27.533Z"
  },
  "__v": 0,
  "assignedTo": {
    "$oid": "67d169d8fb15b52b9edc389e"
  },
  "status": "assigned"
},
{
  "_id": {
    "$oid": "67d1b4dafb15b52b9edc38c8"
  },
  "orderNumber": "ORD2918",
  "customer": {
    "name": "Rahul Verma",
    "phone": "09785412369",
    "address": "Bandra West, Mumbai",
    "area": "Mumbai"
  },
  "items": [
    {
      "name": "Bluetooth Speaker",
      "quantity": 1,
      "price": 1500,
      "_id": "67d15631d39fbe2a6469af28",
      "status": "completed"
    }
  ],
  "scheduledFor": "2025-03-12T18:00:00.000Z",
  "totalAmount": 1500,
  "createdAt": "2025-03-12T09:44:00.417+00:00",
  "updatedAt": {
    "$date": "2025-03-12T16:31:15.215Z"
  },
  "__v": 0,
  "assignedTo": {
    "$oid": "67d169d8fb15b52b9edc389b"
  },
  "status": "assigned"
},
{
  "_id": {
    "$oid": "67d1b4dafb15b52b9edc38c9"
  },
  "orderNumber": "ORD2919",
  "customer": {
    "name": "Sneha Kapoor",
    "phone": "09876543211",
    "address": "Whitefield, Bangalore",
    "area": "Bangalore"
  },
  "items": [
    {
      "name": "Wireless Mouse",
      "quantity": 1,
      "price": 800,
      "_id": "67d15631d39fbe2a6469af29",
      "status": "pending"
    }
  ],
  "scheduledFor": "2025-03-15T12:00:00.000Z",
  "totalAmount": 800,
  "createdAt": "2025-03-12T09:46:00.417+00:00",
  "updatedAt": {
    "$date": "2025-03-12T16:34:43.748Z"
  },
  "__v": 0,
  "assignedTo": {
    "$oid": "67d169d8fb15b52b9edc389c"
  },
  "status": "assigned"
},
{
  "_id": {
    "$oid": "67d1b4dafb15b52b9edc38ca"
  },
  "orderNumber": "ORD2920",
  "customer": {
    "name": "Vikram Singh",
    "phone": "08564732198",
    "address": "Salt Lake City, Kolkata",
    "area": "Kolkata"
  },
  "items": [
    {
      "name": "LED Bulb",
      "quantity": 4,
      "price": 250,
      "_id": "67d15631d39fbe2a6469af30",
      "status": "assigned"
    }
  ],
  "scheduledFor": "2025-03-16T15:00:00.000Z",
  "totalAmount": 1000,
  "createdAt": "2025-03-12T09:48:00.417+00:00",
  "updatedAt": {
    "$date": "2025-03-12T16:35:05.834Z"
  },
  "__v": 0,
  "assignedTo": {
    "$oid": "67d169d8fb15b52b9edc389e"
  },
  "status": "assigned"
},
{
  "_id": {
    "$oid": "67d1b4dafb15b52b9edc38cb"
  },
  "orderNumber": "ORD2921",
  "customer": {
    "name": "Pooja Desai",
    "phone": "09976543234",
    "address": "Gandhi Nagar, Ahmedabad",
    "area": "Ahmedabad"
  },
  "items": [
    {
      "name": "Kitchen Set",
      "quantity": 1,
      "price": 3200,
      "_id": "67d15631d39fbe2a6469af31",
      "status": "completed"
    }
  ],
  "scheduledFor": "2025-03-17T17:00:00.000Z",
  "totalAmount": 3200,
  "createdAt": "2025-03-12T09:50:00.417+00:00",
  "updatedAt": "2025-03-12T09:50:00.417+00:00",
  "__v": 0
},
{
  "_id": {
    "$oid": "67d1b4dafb15b52b9edc38cc"
  },
  "orderNumber": "ORD2922",
  "customer": {
    "name": "Suresh Nair",
    "phone": "09765321458",
    "address": "Marine Drive, Kochi",
    "area": "Kochi"
  },
  "items": [
    {
      "name": "Power Bank",
      "quantity": 1,
      "price": 2000,
      "_id": "67d15631d39fbe2a6469af32",
      "status": "pending"
    }
  ],
  "scheduledFor": "2025-03-18T09:30:00.000Z",
  "totalAmount": 2000,
  "createdAt": "2025-03-12T09:52:00.417+00:00",
  "updatedAt": "2025-03-12T09:52:00.417+00:00",
  "__v": 0
},
{
  "_id": {
    "$oid": "67d1b4dafb15b52b9edc38cd"
  },
  "orderNumber": "ORD2923",
  "customer": {
    "name": "Alok Pandey",
    "phone": "09875463214",
    "address": "Gomti Nagar, Lucknow",
    "area": "Lucknow"
  },
  "items": [
    {
      "name": "Earphones",
      "quantity": 2,
      "price": 500,
      "_id": "67d15631d39fbe2a6469af33",
      "status": "assigned"
    }
  ],
  "scheduledFor": "2025-03-19T11:45:00.000Z",
  "totalAmount": 1000,
  "createdAt": "2025-03-12T09:54:00.417+00:00",
  "updatedAt": "2025-03-12T09:54:00.417+00:00",
  "__v": 0
},
{
  "_id": {
    "$oid": "67d1b4dafb15b52b9edc38ce"
  },
  "orderNumber": "ORD2924",
  "customer": {
    "name": "Priya Sharma",
    "phone": "09785643125",
    "address": "Gachibowli, Hyderabad",
    "area": "Hyderabad"
  },
  "items": [
    {
      "name": "Smart Watch",
      "quantity": 1,
      "price": 4500,
      "_id": "67d15631d39fbe2a6469af34",
      "status": "completed"
    }
  ],
  "scheduledFor": "2025-03-20T13:00:00.000Z",
  "totalAmount": 4500,
  "createdAt": "2025-03-12T09:56:00.417+00:00",
  "updatedAt": "2025-03-12T09:56:00.417+00:00",
  "__v": 0
}]