[{
  "_id": {
    "$oid": "67d169d8fb15b52b9edc3899"
  },
  "name": "Amit Verma",
  "email": "amit.verma@example.com",
  "phone": "+919812345678",
  "status": "active",
  "currentLoad": 3,
  "areas": [
    "Mumbai",
    "Pune"
  ],
  "shift": {
    "start": "05:00 AM",
    "end": "06:00 AM"
  },
  "metrics": {
    "rating": 4.8,
    "completedOrders": 150,
    "cancelledOrders": 4
  },
  "__v": 0,
  "updatedAt": {
    "$date": "2025-03-12T17:58:41.221Z"
  }
},
{
  "_id": {
    "$oid": "67d169d8fb15b52b9edc389a"
  },
  "name": "Priya Sharma",
  "email": "priya.sharma@example.com",
  "phone": "+919876543219",
  "status": "active",
  "currentLoad": 0,
  "areas": [
    "Bangalore",
    "Hyderabad"
  ],
  "shift": {
    "start": "05:00 AM",
    "end": "10:00 PM"
  },
  "metrics": {
    "rating": 4.5,
    "completedOrders": 100,
    "cancelledOrders": 6
  },
  "__v": 0,
  "updatedAt": {
    "$date": "2025-03-12T16:58:16.741Z"
  }
},
{
  "_id": {
    "$oid": "67d169d8fb15b52b9edc389b"
  },
  "name": "Rahul Yadav",
  "email": "rahul.yadav@example.com",
  "phone": "+918765432198",
  "status": "active",
  "currentLoad": 5,
  "areas": [
    "Chennai",
    "Kolkata"
  ],
  "shift": {
    "start": "07:00 AM",
    "end": "09:00 AM"
  },
  "metrics": {
    "rating": 4.9,
    "completedOrders": 180,
    "cancelledOrders": 3
  },
  "__v": 0
},
{
  "_id": {
    "$oid": "67d169d8fb15b52b9edc389c"
  },
  "name": "Sneha Raj",
  "email": "sneha.raj@example.com",
  "phone": "+917654321987",
  "status": "active",
  "currentLoad": 1,
  "areas": [
    "Jaipur",
    "Lucknow"
  ],
  "shift": {
    "start": "04:00 PM",
    "end": "06:00 PM"
  },
  "metrics": {
    "rating": 4.3,
    "completedOrders": 90,
    "cancelledOrders": 8
  },
  "__v": 0
},
{
  "_id": {
    "$oid": "67d169d8fb15b52b9edc389d"
  },
  "name": "Vikram Singh",
  "email": "vikram.singh@example.com",
  "phone": "+916543219876",
  "status": "inactive",
  "currentLoad": 0,
  "areas": [
    "Ahmedabad",
    "Surat"
  ],
  "shift": {
    "start": "02:00 PM",
    "end": "04:00 PM"
  },
  "metrics": {
    "rating": 4.2,
    "completedOrders": 75,
    "cancelledOrders": 10
  },
  "__v": 0
},
{
  "_id": {
    "$oid": "67d169d8fb15b52b9edc389e"
  },
  "name": "Anjali Mehta",
  "email": "anjali.mehta@example.com",
  "phone": "+915432198765",
  "status": "active",
  "currentLoad": 4,
  "areas": [
    "Indore",
    "Bhopal"
  ],
  "shift": {
    "start": "06:00 AM",
    "end": "08:00 AM"
  },
  "metrics": {
    "rating": 4.7,
    "completedOrders": 140,
    "cancelledOrders": 5
  },
  "__v": 0
},
{
  "_id": {
    "$oid": "67d169d8fb15b52b9edc389f"
  },
  "name": "Rohan Kapoor",
  "email": "rohan.kapoor@example.com",
  "phone": "+914321987654",
  "status": "active",
  "currentLoad": 2,
  "areas": [
    "Patna",
    "Ranchi"
  ],
  "shift": {
    "start": "07:00 PM",
    "end": "09:00 PM"
  },
  "metrics": {
    "rating": 4.6,
    "completedOrders": 110,
    "cancelledOrders": 7
  },
  "__v": 0
},
{
  "_id": {
    "$oid": "67d169d8fb15b52b9edc38a0"
  },
  "name": "Kiran Joshi",
  "email": "kiran.joshi@example.com",
  "phone": "+913219876543",
  "status": "inactive",
  "currentLoad": 0,
  "areas": [
    "Nagpur",
    "Kanpur"
  ],
  "shift": {
    "start": "05:00 AM",
    "end": "07:00 AM"
  },
  "metrics": {
    "rating": 4.4,
    "completedOrders": 95,
    "cancelledOrders": 6
  },
  "__v": 0
},
{
  "_id": {
    "$oid": "67d169d8fb15b52b9edc38a1"
  },
  "name": "Sandeep Nair",
  "email": "sandeep.nair@example.com",
  "phone": "+912198765432",
  "status": "active",
  "currentLoad": 3,
  "areas": [
    "Thiruvananthapuram",
    "Kochi"
  ],
  "shift": {
    "start": "03:00 PM",
    "end": "05:00 PM"
  },
  "metrics": {
    "rating": 4.8,
    "completedOrders": 160,
    "cancelledOrders": 4
  },
  "__v": 0
},
{
  "_id": {
    "$oid": "67d169d8fb15b52b9edc38a2"
  },
  "name": "Meera Reddy",
  "email": "meera.reddy@example.com",
  "phone": "+911987654321",
  "status": "active",
  "currentLoad": 2,
  "areas": [
    "Vijayawada",
    "Visakhapatnam"
  ],
  "shift": {
    "start": "08:00 AM",
    "end": "10:00 AM"
  },
  "metrics": {
    "rating": 4.5,
    "completedOrders": 125,
    "cancelledOrders": 5
  },
  "__v": 0
},
{
  "_id": {
    "$oid": "67d1cbbd111b8488e652913b"
  },
  "name": "MD ANSARI",
  "email": "mdshahbaz@gmail.com",
  "phone": "08298891032",
  "status": "active",
  "currentLoad": 2,
  "areas": [
    "Patna,nalanda"
  ],
  "shift": {
    "start": "01:00",
    "end": "21:30"
  },
  "metrics": {
    "rating": 4,
    "completedOrders": 99,
    "cancelledOrders": 0
  },
  "createdAt": {
    "$date": "2025-03-12T18:00:29.393Z"
  },
  "updatedAt": {
    "$date": "2025-03-12T18:00:29.393Z"
  },
  "__v": 0
}]